,ticker,number,average,low,high
1,AAPL,44,9.01,8.05,10.01
2,MSFT,29,2.98,2.84,3.22
3,XOM,22,2.21,1.93,2.58
4,JNJ,20,6.71,6.67,6.77
5,AMZN,40,4.76,3.71,5.3
6,JPM,25,5.89,5.78,6.01
7,GE,18,1.49,1.48,1.52
8,FB,44,4.09,3.14,4.27
9,WFC,29,4.03,3.95,4.11
10,T,29,2.84,2.78,2.88
11,GOOGL,44,34.46,28.49,35.65
12,GOOG,38,34.44,28.49,35.65
13,BAC,27,1.46,1.25,1.51
14,PG,22,3.86,3.75,3.97
15,CVX,16,1.35,0.98,1.77
16,VZ,29,3.89,3.78,3.93
17,PFE,19,2.42,2.38,2.46
18,BRK-B,3,7.24,7.12,7.4
19,MRK,20,3.78,3.73,3.94
20,CMCSA,20,3.49,3.43,3.55
21,INTC,34,2.67,2.62,2.71
22,HD,31,6.34,6.31,6.37
23,KO,22,1.91,1.89,1.93
24,C,23,4.7,4.64,4.78
25,UNH,25,8.01,8,8.08
26,CSCO,34,2.37,2.3,2.43
27,V,34,3.28,3.24,3.43
28,PEP,21,4.8,4.76,4.85
29,DIS,33,5.94,5.76,6.53
30,IBM,23,13.5,13.23,13.61
31,PM,19,4.5,4.46,4.56
32,MO,14,3.03,3.01,3.08
33,ORCL,36,2.56,2.5,2.62
34,SLB,42,1.15,0.99,1.3
35,BRK-A,4,"10,840.30","10,678.20","11,104.20"
36,AMGN,24,11.56,11.39,12.13
37,MMM,18,8.16,8.1,8.2
38,MCD,25,5.69,5.37,5.78
39,MDT,24,4.57,4.55,4.6
40,QCOM,27,4.73,4.07,5.32
41,MA,29,3.75,3.65,3.85
42,ABBV,20,4.82,4.81,4.85
43,WMT,29,4.32,4.24,4.37
44,GILD,27,11.47,11,11.8
45,BMY,24,2.87,2.79,2.95
46,CELG,28,5.92,5.82,5.99
47,BA,22,7.09,6.7,7.43
48,HON,20,6.58,6.13,6.62
49,UTX,20,6.6,6.55,6.69
50,UNP,29,5,4.88,5.06
51,CVS,24,5.81,5.78,5.84
52,SBUX,33,2.14,2.1,2.22
53,USB,29,3.24,3.16,3.33
54,UPS,26,5.82,5.78,5.85
55,GS,23,15.71,14.43,16.6
56,WBA,16,5.01,4.94,5.12
57,AGN,15,13.39,13.3,13.48
58,ACN,28,5.86,5.8,6.05
59,PCLN,21,64.63,63.85,67.95
60,TXN,33,3.16,3.11,3.2
61,TWX,22,5.8,5.77,5.84
62,NKE,33,2.34,2.22,2.5
63,LLY,22,3.54,3.43,3.59
64,LMT,14,12.19,12.1,12.32
65,COST,22,5.89,5.74,6.08
66,BIIB,23,20.21,19.63,20.69
67,AIG,20,3.76,3.6,3.99
68,DD,21,3.26,3.2,3.3
69,AVGO,31,14.09,13.55,15.13
70,DOW,23,3.65,3.53,3.79
71,LOW,25,3.92,3.88,4
72,MDLZ,21,1.95,1.89,1.98
73,COP,25,-2.8,-3.21,-1.84
74,MS,26,2.76,2.62,2.88
75,CL,19,2.81,2.79,2.83
76,AXP,19,5.74,5.7,5.77
77,CB,21,9.8,9.6,10.04
78,EOG,37,-1.78,-2.03,-1.48
79,SPG,8,5.94,5.35,6.68
80,ABT,17,2.21,2.19,2.23
81,CHTR,NA,NA,NA,NA
82,CAT,20,3.26,3.15,3.33
83,TMO,20,8.26,8.22,8.3
84,OXY,21,-0.87,-1.01,-0.55
85,PNC,26,7.18,7.11,7.25
86,NEE,16,6.22,6.1,6.39
87,ADBE,27,3.82,3.75,4.12
88,DUK,14,4.69,4.64,4.78
89,KHC,NA,NA,NA,NA
90,TJX,28,3.51,3.45,3.56
91,DHR,18,3.6,3.58,3.61
92,GM,22,6.01,5.8,6.19
93,MET,17,4.65,4.6,4.7
94,BK,15,3.16,3.12,3.21
95,ESRX,24,6.39,6.36,6.41
96,NFLX,38,0.41,0.37,0.44
97,NVDA,19,2.42,2.35,2.62
98,F,23,1.82,1.78,1.88
99,CRM,44,0.98,0.97,1
100,RAI,14,2.3,2.27,2.31
101,SCHW,23,1.3,1.23,1.33
102,AET,18,8.02,8,8.05
103,D,14,3.8,3.71,3.86
104,SO,19,2.9,2.84,3.1
105,FDX,23,11.98,11,12.31
106,GD,20,9.77,9.42,9.85
107,PYPL,42,1.5,1.48,1.55
108,MON,19,4.72,4.5,4.9
109,NOC,20,11.69,11.2,11.85
110,TGT,25,5.21,5.15,5.25
111,RTN,19,7.46,7.38,7.55
112,PRU,19,9.03,8.93,9.63
113,AMT,18,2.09,1.99,2.2
114,HAL,37,-0.05,-0.07,-0.02
115,COF,20,7.05,6.74,7.32
116,KMI,11,0.61,0.29,0.78
117,JCI,18,2.69,2.6,2.76
118,ADP,19,3.67,3.62,3.71
119,KMB,13,6,5.97,6.04
120,ITW,20,5.62,5.6,5.65
121,HPE,22,2.05,2,2.09
122,BLK,16,19.26,18.87,19.51
123,APC,31,-3.07,-3.45,-2.57
124,ANTM,19,10.81,10.8,10.85
125,PSX,16,3.42,3.2,3.8
126,BBT,24,2.78,2.71,2.85
127,GIS,19,3.09,3,3.12
128,CME,16,4.41,4.31,4.51
129,EMR,23,2.41,2.15,2.72
130,DAL,14,5.3,5.18,5.34
131,BDX,16,9.52,9.42,9.61
132,MMC,21,3.37,3.33,3.4
133,YHOO,24,0.58,0.48,0.64
134,AMAT,21,2.4,2.23,2.6
135,CI,15,7.98,7.93,8.05
136,PX,NA,NA,NA,NA
137,SYK,28,5.78,5.75,5.79
138,CSX,29,1.79,1.68,1.83
139,CTSH,33,3.38,2.65,3.43
140,TRV,22,9.57,9.33,10.03
141,MCK,11,12.56,12.4,12.92
142,PXD,40,-0.36,-0.66,-0.01
143,HUM,17,9.47,8.8,9.55
144,SPGI,16,5.27,5.2,5.35
145,ICE,18,2.75,2.67,2.77
146,APD,18,6.4,6.25,6.55
147,NSC,29,5.56,5.46,5.62
148,PSA,7,6.65,6.43,6.76
149,WM,14,2.92,2.9,2.93
150,KR,26,2.11,2.05,2.15
151,ECL,22,4.41,4.35,4.45
152,AON,22,6.49,5.83,6.56
153,ETN,27,4.2,4.16,4.25
154,LYB,21,9.43,8.97,9.8
155,EXC,21,2.67,2.55,2.74
156,DE,24,4.47,3.75,4.9
157,FOXA,28,1.92,1.83,1.98
158,EBAY,37,1.88,1.86,1.91
159,PCG,16,3.72,3.65,3.76
160,REGN,20,11.77,10.99,14.25
161,AFL,17,6.88,6.54,7
162,AEP,22,3.79,3.69,3.86
163,LUV,18,3.66,3.56,3.85
164,SE,6,1.15,1.07,1.19
165,VLO,16,3.74,3.28,4.2
166,CCI,19,0.87,0.82,0.95
167,BSX,27,1.1,1.09,1.12
168,STT,16,5.1,5.03,5.22
169,INTU,20,4.35,4.3,4.5
170,BHI,17,-1.76,-3.35,-1.23
171,SYF,22,2.68,2.6,2.71
172,DFS,26,5.76,5.6,5.86
173,SYY,16,2.45,2.4,2.55
174,ROST,26,2.82,2.79,2.85
175,PLD,NA,NA,NA,NA
176,HPQ,24,1.59,1.53,1.64
177,ALXN,13,4.64,4.55,4.67
178,ALL,23,4.31,4.05,4.76
179,STI,30,3.57,3.5,3.62
180,PPG,21,5.9,5.77,6.31
181,STZ,17,6.46,6.37,6.56
182,FIS,21,3.83,3.81,3.86
183,ADM,13,2.25,2.16,2.31
184,APA,17,-0.96,-1.2,-0.47
185,ZTS,20,1.94,1.91,1.97
186,SRE,12,4.83,4.69,4.92
187,GLW,19,1.49,1.42,1.53
188,LVS,15,2.35,2.27,2.45
189,MPC,12,2.08,1.78,2.31
190,ISRG,14,22.19,21.52,22.54
191,ORLY,26,10.69,10.6,10.76
192,AAL,17,5.57,5.38,5.71
193,ATVI,20,2.04,1.87,2.16
194,EQIX,16,1.72,1.4,2.73
195,TEL,11,4.36,4.33,4.45
196,DVN,30,-0.16,-0.32,0.05
197,CMI,NA,NA,NA,NA
198,CBS,32,4.12,4,4.16
199,LNKD,NA,NA,NA,NA
200,WY,7,0.79,0.75,0.85
201,MAR,18,3.61,3.46,3.7
202,WMB,11,0.02,-0.38,0.68
203,FISV,22,4.45,4.4,4.46
204,AZO,27,45.54,44.87,46.12
205,TSLA,14,-2.11,-2.62,-1.65
206,ADI,25,3.4,3.15,3.57
207,HCA,23,6.71,6.51,6.83
208,PPL,17,2.36,2.31,2.4
209,NWL,16,2.88,2.85,2.9
210,EA,20,3.7,3.64,3.78
211,CAH,20,5.46,5.3,5.62
212,AVB,10,6.47,4.32,7.44
213,STJ,20,4.01,3.97,4.09
214,HCN,9,2.26,1.87,2.4
215,EIX,16,3.92,3.89,3.95
216,YUM,15,2.43,2.14,2.75
217,EQR,2,11.34,11.29,11.39
218,PCAR,24,3.9,3.8,3.98
219,BAX,16,1.91,1.88,1.93
220,ED,16,3.95,3.83,4.04
221,VTR,5,1.65,1.54,1.69
222,APH,12,2.7,2.69,2.7
223,SHW,20,12.33,12.27,12.68
224,PEG,13,2.87,2.8,2.94
225,OMC,18,4.75,4.68,4.8
226,MTB,20,7.85,7.74,8.17
227,MU,21,2.42,2.1,2.96
228,VRTX,24,0.81,0.47,1.63
229,CXO,30,0.45,0.2,0.65
230,IP,18,3.35,3.32,3.39
231,FITB,23,1.88,1.58,1.93
232,CCL,21,3.58,3.46,3.9
233,XEL,16,2.2,2.19,2.23
234,NUE,9,2.26,2.11,2.5
235,DLTR,14,3.74,3.67,3.84
236,DG,22,4.4,4.35,4.45
237,ILMN,22,3.32,3.28,3.4
238,PGR,17,1.55,1.5,1.62
239,ZBH,27,7.92,7.89,7.95
240,IR,24,4.21,4.18,4.22
241,MNST,17,1.24,1.21,1.3
242,PAYX,20,2.22,2.2,2.25
243,BXP,4,2.71,2.05,3.18
244,UAL,17,8.23,7.91,8.4
245,KEY,21,1.09,0.88,1.16
246,PH,23,6.82,6.65,7.1
247,AMP,5,8.04,7.55,8.23
248,ROP,15,6.55,6.5,6.59
249,FCX,13,0.27,0.16,0.37
250,HIG,16,3.27,3.17,3.38
251,VFC,25,3.13,3.09,3.15
252,WDC,25,7.06,6.68,7.96
253,SWK,17,6.49,6.45,6.51
254,NTRS,13,4.3,4.25,4.35
255,WEC,15,2.94,2.92,3
256,K,21,3.68,3.65,3.71
257,EW,23,2.88,2.83,3.12
258,TROW,14,4.38,4.22,4.48
259,DLPH,22,6.05,6,6.15
260,CFG,17,1.93,1.9,1.96
261,ROK,24,6.06,5.85,6.25
262,NEM,9,1.63,1.46,1.78
263,EL,23,3.44,3.33,3.96
264,LB,31,3.69,3.6,3.76
265,TAP,6,5.86,4.9,6.52
266,FTV,15,2.49,2.41,2.51
267,RF,29,0.87,0.81,0.88
268,LRCX,18,8.32,7.24,9.5
269,TSN,14,4.82,4.5,5.04
270,VMC,7,3.03,2.96,3.16
271,DTE,13,5.28,5.25,5.36
272,MYL,21,4.75,4.7,4.83
273,VNO,4,1.26,0.98,1.41
274,PFG,14,4.43,4.35,4.46
275,MCO,13,4.71,4.67,4.78
276,NBL,33,-0.94,-1.21,-0.51
277,ES,18,2.98,2.93,3.05
278,INCY,14,0.62,0.53,0.77
279,WLTW,18,7.7,7.6,7.76
280,DPS,19,4.41,4.34,4.46
281,CAG,12,1.69,1.61,1.73
282,HES,22,-4.86,-5.87,-0.31
283,LVLT,17,1.59,1.54,1.64
284,TMUS,20,1.54,1.43,1.75
285,ADSK,20,-0.57,-0.6,-0.51
286,BCR,18,10.26,10.23,10.3
287,ULTA,22,6.41,6.36,6.45
288,EXPE,29,4.75,4.47,5.49
289,MRO,27,-0.93,-1.26,-0.78
290,CERN,24,2.3,2.29,2.32
291,SYMC,26,1.16,1.14,1.19
292,LLTC,13,2.2,2.11,2.35
293,CLX,17,5.33,5.26,5.4
294,LNC,15,6.38,6.35,6.45
295,HLT,22,0.88,0.85,0.91
296,NLSN,18,2.75,2.71,2.78
297,SWKS,24,6.14,5.57,6.49
298,O,7,1.11,1.08,1.15
299,RHT,30,2.27,2.26,2.27
300,A,16,2.16,2.13,2.25
301,MCHP,16,3.62,3.56,3.7
302,ABC,18,5.76,5.69,5.82
303,ESS,8,4.3,4.2,4.42
304,NOV,36,-1,-1.39,-0.88
305,RCL,21,6.06,6.04,6.11
306,SJM,18,7.7,7.64,7.75
307,MLM,NA,NA,NA,NA
308,BMRN,19,-3.73,-3.83,-3.6
309,HCP,3,1.38,1.26,1.45
310,MGM,10,1.18,0.95,1.32
311,FAST,18,1.71,1.69,1.73
312,XLNX,20,2.24,2.11,2.31
313,EFX,15,5.48,5.45,5.5
314,GPC,14,4.58,4.56,4.6
315,BEN,14,2.68,2.45,2.84
316,DLR,11,2.01,1.94,2.1
317,XRAY,15,2.77,2.75,2.8
318,HBAN,19,0.72,0.62,0.84
319,GGP,4,1.25,1.24,1.27
320,WCN,13,2.49,2.41,2.53
321,MSI,17,4.76,4.71,4.89
322,RSG,14,2.2,2.15,2.2
323,MJN,16,3.45,3.39,3.47
324,FE,18,2.64,2.53,2.7
325,HSY,18,4.31,4.28,4.35
326,HST,9,0.99,0.96,1.03
327,FLT,16,6.88,6.84,6.93
328,XEC,34,0.64,0.19,0.9
329,BLL,10,3.46,3.37,3.52
330,M,21,3.29,3.1,3.4
331,VIAB,35,3.8,3.58,4.2
332,NOW,31,0.7,0.67,0.73
333,HRS,10,5.8,5.7,5.91
334,AWK,17,2.85,2.8,2.89
335,WRK,18,2.86,2.58,3.3
336,LH,14,8.8,8.75,8.85
337,INFO,21,1.76,1.74,1.78
338,CTL,14,2.47,2.45,2.5
339,IVZ,16,2.24,2.22,2.27
340,CTXS,25,5.2,5.18,5.24
341,L,2,2.7,2.65,2.75
342,TDG,15,12.14,11.95,12.5
343,ADS,27,16.91,16.87,17.09
344,VRSK,18,3.09,3.06,3.15
345,BBY,24,3.28,3.23,3.35
346,KLAC,14,5.39,5.15,5.65
347,MHK,17,12.57,12.5,12.62
348,DISH,23,3.02,2.89,3.21
349,SBAC,17,0.67,0.55,0.88
350,ETR,16,6.9,6.72,7.13
351,WHR,10,14.18,14.03,14.45
352,FRC,15,3.91,3.8,3.95
353,HSIC,15,6.58,6.55,6.6
354,DGX,22,5.1,5.08,5.12
355,EQT,20,-0.59,-0.79,-0.27
356,COL,18,5.44,5.3,5.7
357,STX,30,3.77,3.14,4.07
358,CINF,6,3.2,3.09,3.51
359,DVMT,NA,NA,NA,NA
360,MKL,4,28.42,25.5,33.7
361,AEE,10,2.67,2.54,2.73
362,AAP,27,7.25,7.1,7.32
363,GWW,22,11.49,10.9,11.65
364,PRGO,19,6.96,6.85,7.03
365,OKE,13,1.7,1.55,1.76
366,CMG,20,1.37,0.79,3.6
367,CE,18,6.6,6.52,6.68
368,PANW,42,2.78,2.72,2.9
369,CPB,16,3.08,2.94,3.12
370,CHD,22,1.76,1.74,1.79
371,DOV,17,2.97,2.92,3.04
372,CMS,16,2.02,2.01,2.02
373,FOX,2,1.89,1.84,1.94
374,TXT,12,2.71,2.65,2.78
375,MXIM,25,1.95,1.86,2.1
376,CMA,24,2.62,2.44,2.97
377,UHS,13,7.35,7.25,7.46
378,AKAM,24,2.67,2.64,2.72
379,KMX,11,3.29,3.26,3.31
380,AYI,15,9.45,8.75,9.9
381,AME,17,2.3,2.29,2.32
382,LLL,15,7.96,7.85,8.16
383,MTD,14,14.65,14.61,14.7
384,HOG,22,3.87,3.83,4
385,MAT,13,1.28,1.17,1.35
386,CHRW,27,3.59,3.54,3.76
387,HOLX,17,2.15,2.13,2.2
388,SLG,1,2.06,2.06,2.06
389,GPN,30,3.51,3.47,3.6
390,IDXX,11,2.38,2.36,2.39
391,MKC,14,3.79,3.77,3.81
392,DVA,12,3.76,3.59,3.82
393,TWTR,34,0.52,0.44,0.58
394,MAS,22,1.54,1.5,1.59
395,Q,15,3.87,3.4,3.96
396,LBRDK,1,6.04,6.04,6.04
397,WAT,20,6.55,6.53,6.58
398,COG,33,-0.21,-0.3,-0.1
399,WU,24,1.65,1.63,1.67
400,KIM,6,0.84,0.76,1.07
401,NLY,10,1.17,1.14,1.2
402,NTAP,35,2.57,2.48,2.69
403,COH,32,2.14,2.07,2.2
404,ALK,12,7.1,6.96,7.2
405,CA,13,2.53,2.5,2.56
406,TSCO,26,3.24,3.22,3.26
407,FRT,8,3.41,3.15,3.51
408,JNPR,28,2.07,2.04,2.11
409,EMN,17,6.75,6.7,6.83
410,MOS,15,0.73,0.62,0.93
411,XL,15,1.7,1.5,1.93
412,UNM,16,3.9,3.87,3.93
413,KSS,23,3.94,3.86,4
414,ALB,10,3.55,3.46,3.85
415,DHI,18,2.67,2.56,2.78
416,CNP,15,1.18,1.13,1.23
417,WWAV,12,1.4,1.37,1.46
418,AMTD,19,1.69,1.55,1.86
419,NA,8,9.14,9.08,9.19
420,FL,24,4.78,4.73,4.83
421,WFM,25,1.45,1.33,1.55
422,TSO,4,5.14,4.9,5.41
423,IPG,15,1.32,1.28,1.36
424,HAS,13,4.13,4,4.23
425,IFF,11,5.45,5.37,5.58
426,ACGL,16,4.41,4.3,4.53
427,KSU,15,4.55,4.47,4.64
428,LKQ,13,1.81,1.8,1.84
429,CTAS,14,4.61,4.57,4.67
430,EXPD,16,2.35,2.32,2.45
431,WDAY,38,0.03,-0.03,0.1
432,BG,11,4.51,4.25,4.64
433,ETFC,14,1.84,1.77,1.9
434,PNR,17,3.01,2.99,3.13
435,CNC,17,4.33,4.23,4.38
436,FFIV,31,8.27,7.95,8.73
437,LEA,18,13.69,13.49,14.06
438,MAC,2,3.53,3.47,3.58
439,XYL,14,2.03,2.02,2.04
440,RJF,10,4.32,4.05,4.46
441,SNPS,8,3.2,3.2,3.21
442,UDR,6,0.28,0.22,0.37
443,SCG,12,4.11,3.99,4.25
444,HRL,12,1.7,1.67,1.73
445,NFX,32,1.06,0.85,1.23
446,SEE,18,2.6,2.59,2.64
447,ALLY,16,2.14,2.04,2.21
448,DRE,3,0.82,0.8,0.84
449,AJG,19,2.75,2.7,2.79
450,VNTV,29,2.7,2.68,2.71
451,RE,11,18.04,17.09,19
452,DRI,28,3.93,3.79,4.02
453,QVCA,7,0.97,0.9,1.04
454,HBI,16,1.91,1.88,1.92
455,CBG,8,2.18,2.15,2.23
456,TIF,20,3.73,3.66,3.82
457,URI,17,8.29,7.34,8.6
458,CDK,6,2.34,2.33,2.36
459,RMD,13,2.76,2.54,2.92
460,ALKS,7,-0.2,-0.31,-0.1
461,JBHT,26,3.77,3.73,3.82
462,PVH,19,6.76,6.71,6.82
463,ARE,3,-1.34,-1.54,-1.12
464,CSC,16,2.78,2.65,2.95
465,FBHS,13,2.74,2.72,2.76
466,INGR,9,7.06,7,7.1
467,ARNC,5,1.21,0.9,1.66
468,TRGP,13,-0.44,-0.87,0.23
469,FANG,29,1.37,1.04,1.66
470,ARMK,10,1.9,1.85,1.95
471,VAR,8,4.93,4.72,5.1
472,EXR,4,2.54,2.21,2.86
473,COTY,10,0.91,0.82,0.97
474,CDW,12,3.38,3.33,3.42
475,HII,12,10.37,10.05,10.59
476,RAD,7,0.1,0.02,0.18
477,Y,3,27.5,27,27.95
478,FNF,9,2.38,2.36,2.4
479,WYNN,14,3.81,3.43,4.23
480,IRM,4,1.11,1.1,1.12
481,CIT,8,2.22,2.16,2.34
482,SIVB,18,7.2,6.87,7.5
483,PNW,17,3.96,3.92,4
484,STLD,11,1.92,1.87,1.97
485,ANSS,15,3.62,3.6,3.64
486,LNG,2,-2.21,-2.63,-1.79
487,LNT,9,1.88,1.84,1.9
488,ZION,25,1.92,1.88,1.98
489,BF-B,13,1.78,1.73,2.05
490,TSS,21,2.81,2.79,2.84
491,DPZ,17,4.25,4.2,4.34
492,WR,9,2.46,2.34,2.59
493,IT,12,2.96,2.88,3
494,GT,11,3.94,3.8,4.1
495,XRX,13,1.12,1.1,1.16
496,VER,1,-0.14,-0.14,-0.14
497,PKG,16,4.82,4.72,4.86
498,AMG,10,12.79,12.63,12.94
499,TMK,10,4.47,4.46,4.5
500,COO,14,9.21,9.09,9.44
501,WYN,11,5.7,5.64,5.75
502,MIDD,4,4.85,4.8,4.88
503,HDS,19,2.62,2.6,2.66
504,RGA,10,9.63,9.46,9.75
505,SIRI,18,0.15,0.14,0.15
506,LEN,NA,NA,NA,NA
507,VOYA,11,2.49,2.43,2.56
508,HP,29,-1.11,-1.49,0.07
509,UGI,6,2.37,2.3,2.4
510,FTI,30,1.06,0.95,1.4
511,CDNS,9,1.2,1.19,1.21
512,BR,7,3.12,3.08,3.17
513,SPLK,39,0.32,0.28,0.36
514,HAR,16,7.08,6.9,7.3
515,CCK,15,3.92,3.91,3.94
516,SBNY,16,7.35,7.18,7.43
517,AES,11,0.99,0.93,1.01
518,JEC,NA,NA,NA,NA
519,SPR,15,4.6,3.8,4.8
520,FMC,19,2.82,2.78,2.85
521,KORS,27,4.4,4.27,4.5
522,FLR,14,2.29,2.21,2.37
523,NDAQ,16,3.67,3.62,3.71
524,BRX,7,0.8,0.77,0.83
525,RRC,26,-0.18,-0.42,0.01
526,NYCB,12,1.05,1.03,1.06
527,ATO,13,3.54,3.45,3.58
528,VAL,11,4.87,4.5,5.2
529,WAB,10,3.97,3.93,4
530,CSL,8,5.83,5.67,5.9
531,BWA,23,3.26,3.22,3.28
532,AOS,13,1.84,1.82,1.86
533,VRSN,6,3.55,3.48,3.61
534,LUK,1,0.2,0.2,0.2
535,IEX,14,3.73,3.7,3.74
536,SIG,14,7.45,7.34,7.55
537,MSCI,11,2.97,2.94,3
538,NI,14,1.07,1.03,1.1
539,RPM,10,2.74,2.7,2.78
540,TRMB,15,1.17,1.12,1.21
541,ASH,8,4.08,2.65,5.08
542,REG,1,1.26,1.26,1.26
543,COMM,15,2.6,2.59,2.64
544,MAA,2,2.43,2.29,2.57
545,EWBC,10,2.92,2.91,2.94
546,LDOS,6,3.54,3.47,3.59
547,CPT,5,8.97,8.79,9.15
548,SEIC,4,1.98,1.95,1.99
549,QRVO,22,4.66,4.47,4.79
550,JKHY,9,3.1,3.07,3.12
551,JWN,27,2.96,2.86,3.05
552,AMD,20,-0.15,-0.19,-0.1
553,CF,14,0.77,0.57,0.97
554,ALGN,13,2.41,2.4,2.48
555,KRC,1,2.99,2.99,2.99
556,AIV,5,1.86,1.73,1.96
557,BBBY,25,4.53,4.45,4.72
558,VMW,34,4.36,4.35,4.38
559,TFX,11,7.3,7.27,7.33
560,FDS,16,7.27,7.16,7.38
561,JBLU,15,2.17,2.1,2.2
562,LEG,4,2.54,2.53,2.57
563,ALLE,11,3.4,3.38,3.41
564,AVY,10,3.97,3.95,4
565,ST,16,2.87,2.86,2.88
566,SGEN,17,-0.95,-1.11,-0.85
567,LSXMK,2,1.27,1.24,1.29
568,NCLH,19,3.4,3.28,3.42
569,OGE,8,1.76,1.72,1.79
570,SPLS,14,0.88,0.87,0.9
571,NNN,3,1.35,1.33,1.37
572,BURL,14,3.16,3.13,3.21
573,KEYS,5,2.36,1.94,2.55
574,ARW,12,6.67,6.56,7.03
575,CSGP,10,4.23,4.21,4.24
576,HUBB,6,5.31,5.28,5.33
577,SRCL,14,4.74,4.69,4.76
578,MSCC,12,3.7,3.03,3.93
579,FLS,16,2.15,2.1,2.39
580,AGNC,11,2.32,2.26,2.42
581,ODFL,15,3.59,3.56,3.65
582,ACC,6,0.86,0.72,0.96
583,WPC,1,2.68,2.68,2.68
584,LII,16,6.88,6.8,6.95
585,PE,28,0.11,0.05,0.19
586,MD,14,4.05,4.03,4.07
587,WCG,12,5.43,5.35,5.48
588,BERY,14,2.8,2.65,3.25
589,EGN,25,-1.34,-1.47,-1.07
590,MIC,1,1.53,1.53,1.53
591,DISCK,14,1.91,1.85,1.95
592,JAZZ,12,9.96,9.77,10.06
593,GLPI,9,1.56,1.51,1.6
594,WST,6,2.21,2.19,2.22
595,MKTX,6,3.28,3.22,3.32
596,ENH,3,4.69,4.45,5
597,NVR,7,99.25,97.83,100.43
598,RL,22,5.5,5.25,5.61
599,OC,22,3.5,3.41,3.59
600,MRVL,25,0.58,0.53,0.59
601,PACW,8,2.9,2.84,2.98
602,MAN,15,6.14,6.1,6.18
603,PF,16,2.14,2.13,2.16
604,AVT,6,3.2,2.95,3.4
605,PHM,11,1.52,1.48,1.56
606,PBCT,11,0.92,0.9,0.92
607,KAR,9,2.08,2.05,2.1
608,BEAV,15,3.28,3.25,3.32
609,LPT,3,1.23,1.21,1.25
610,BRCD,15,1.03,0.91,1.16
611,MTN,6,5.14,4.73,5.32
612,AFG,6,5.67,5.6,5.8
613,OHI,3,1.72,1.68,1.75
614,WRB,13,3.44,3.33,3.5
615,AXTA,15,1.13,1.09,1.2
616,MNK,17,7.69,7.46,7.85
617,STE,8,3.89,3.83,3.93
618,UA,2,0.6,0.59,0.6
619,ULTI,22,3.23,3.18,3.25
620,SNI,20,5.26,5,5.41
621,IM,NA,NA,NA,NA
622,SWN,36,-0.01,-0.25,0.12
623,CBOE,15,2.36,2.28,2.42
624,PTC,12,1.33,1.26,1.44
625,RS,9,4.42,4.34,4.56
626,ACM,12,2.94,2.8,3.08
627,OZRK,10,2.53,2.5,2.58
628,PKI,18,2.77,2.75,2.8
629,RHI,14,2.7,2.66,2.72
630,MUR,18,-1.32,-1.67,-0.98
631,TTC,8,2.25,2.23,2.3
632,AXS,13,4.21,3.84,4.5
633,LAMR,8,3.07,3.04,3.09
634,NDSN,13,4.98,4.7,5.22
635,GXP,11,1.78,1.65,1.85
636,ARRS,8,2.78,2.77,2.79
637,GPS,30,1.94,1.88,2.06
638,NA,6,1.84,1.83,1.86
639,UTHR,11,16.23,15.57,16.78
640,TRIP,28,1.53,1.35,1.66
641,LULU,32,2.15,2.09,2.18
642,MDU,6,1.14,1.1,1.16
643,CLR,34,-0.89,-1.02,-0.71
644,SON,14,2.73,2.7,2.75
645,GRMN,14,2.68,2.65,2.83
646,DCI,11,1.6,1.59,1.64
647,CPRT,11,2.46,2.35,2.53
648,X,12,-1.94,-2.24,-1.46
649,WPX,23,-0.81,-0.93,-0.6
650,ELS,2,1.87,1.79,1.95
651,GNTX,12,1.21,1.19,1.23
652,IONS,13,-1.11,-1.55,-0.33
653,PII,23,3.47,3.25,3.6
654,WTR,10,1.32,1.3,1.33
655,DEI,2,0.5,0.46,0.54
656,CSRA,7,2.03,2.01,2.06
657,WBC,17,5.78,5.75,5.81
658,DXCM,19,-0.77,-0.88,-0.59
659,AIZ,5,4.19,4,4.38
660,SERV,7,2,1.98,2.04
661,SRC,5,0.3,0.29,0.31
662,OSK,19,3.35,3.16,3.52
663,SSNC,11,1.62,1.6,1.63
664,RNR,14,6.47,5.9,7
665,STWD,8,2.08,2.04,2.11
666,HFC,13,0.7,0.49,0.87
667,TSRO,10,-7.41,-7.55,-7.17
668,LAZ,11,3.01,2.86,3.1
669,SABR,13,1.36,1.34,1.38
670,OA,10,5.51,5.4,5.6
671,DNKN,28,2.22,2.2,2.24
672,FDC,29,1.3,1.23,1.36
673,IAC,20,2.53,2.22,2.98
674,SCI,7,1.24,1.23,1.25
675,DKS,30,3.1,3.04,3.19
676,TER,13,1.41,1.4,1.45
677,FLIR,7,1.61,1.58,1.62
678,CLB,17,1.51,1.48,1.63
679,HRB,10,1.65,1.53,1.74
680,ON,20,0.85,0.79,0.87
681,CHK,29,-0.06,-0.57,0.3
682,AR,29,0.67,0.57,0.76
683,LW,NA,NA,NA,NA
684,TYL,12,3.5,3.47,3.53
685,PWR,17,1.53,1.51,1.56
686,BRO,15,1.83,1.8,1.86
687,CGNX,7,1.57,1.56,1.59
688,WOOF,12,2.91,2.88,2.93
689,UA-C,NA,NA,NA,NA
690,NA,8,2.25,2.21,2.29
691,NCR,6,3,2.98,3
692,HXL,12,2.57,2.54,2.66
693,BAH,9,1.75,1.73,1.78
694,LECO,6,3.25,3.2,3.32
695,THO,10,6.34,5.91,6.75
696,BMS,16,2.68,2.67,2.7
697,HIW,2,5.4,5.36,5.44
698,DDR,5,0.11,0.05,0.32
699,AGO,5,5.91,4.19,6.39
700,CBSH,8,2.61,2.59,2.63
701,ALSN,14,1.17,1.12,1.23
702,PNRA,30,6.71,6.67,6.75
703,CASY,14,5.31,5.05,5.41
704,HPT,2,1.26,1.19,1.33
705,QEP,16,-1.17,-1.28,-1.09
706,SUI,2,0.5,0.38,0.62
707,POST,10,2.61,2.43,2.75
708,S,NA,NA,NA,NA
709,EPC,14,3.84,3.66,3.92
710,ATR,12,3.11,3.08,3.13
711,CFR,14,4.65,4.52,5.12
712,GRA,9,3.09,3.05,3.1
713,WFT,35,-1.28,-1.36,-1.18
714,JLL,8,8.31,8,8.74
715,NFG,6,3.01,2.92,3.09
716,WBS,9,2.11,2.09,2.13
717,RGLD,12,1.78,1.45,2.38
718,NUAN,10,1.58,1.56,1.63
719,GGG,13,3.4,3.35,3.47
720,BC,17,3.47,3.44,3.5
721,SNV,15,1.9,1.86,2.01
722,AMH,5,-0.18,-0.21,-0.17
723,CC,7,1.21,1.14,1.33
724,RIG,14,1.17,0.6,1.71
725,FCE-A,1,-0.67,-0.67,-0.67
726,ORI,3,1.35,1.34,1.35
727,EXP,10,4.17,4.07,4.33
728,TOL,18,3.06,2.76,3.28
729,FHN,16,0.96,0.95,0.97
730,EPR,4,3.11,3.03,3.14
731,CUBE,4,0.45,0.42,0.47
732,DNB,8,7.38,7.3,7.47
733,FTNT,30,0.64,0.63,0.66
734,WAL,7,2.5,2.49,2.51
735,RSPP,29,-0.14,-0.21,-0.03
736,XPO,15,0.96,0.83,1.06
737,NWSA,8,0.39,0.27,0.49
738,WSM,27,3.4,3.35,3.45
739,GWR,10,3.55,3.51,3.64
740,PB,18,3.93,3.89,3.96
741,EV,8,2.43,2.35,2.51
742,ABMD,10,1.13,1.11,1.18
743,CRI,NA,NA,NA,NA
744,NBR,14,-1.33,-2.09,-1.16
745,MSM,16,3.87,3.7,4.02
746,WRI,4,1.74,1.72,1.75
747,SLM,10,0.52,0.52,0.53
748,HPP,1,0.04,0.04,0.04
749,OLN,6,0.02,-0.16,0.53
750,SNH,2,0.63,0.61,0.65
751,SIX,7,1.25,1.16,1.36
752,FTR,10,-0.1,-0.17,-0.06
753,EVHC,NA,NA,NA,NA
754,WEX,14,4.56,4.48,4.6
755,TRN,9,2.18,2.15,2.23
756,TTWO,15,1.73,1.24,1.88
757,AA,8,-0.47,-1.67,2.47
758,EME,6,3.2,3.19,3.2
759,BPOP,7,3.04,2.97,3.36
760,AZPN,6,1.83,1.77,1.91
761,ISBC,8,0.59,0.58,0.6
762,R,9,5.76,5.7,5.82
763,ZAYO,13,0.31,0.14,0.49
764,TCO,3,1.69,1.61,1.79
765,CNK,14,1.96,1.89,2.05
766,SMG,9,4.23,4.2,4.3
767,VR,10,3.82,3.4,4.15
768,DCT,5,0.81,0.39,0.94
769,FAF,3,3.04,3.03,3.05
770,PDCE,10,-0.42,-0.66,-0.2
771,DISCA,19,1.91,1.85,1.95
772,HHC,2,4.78,4.57,4.98
773,VVC,7,2.5,2.45,2.52
774,HAIN,23,1.98,1.88,2.04
775,VEEV,14,0.68,0.68,0.69
776,GWRE,12,0.72,0.67,0.79
777,SLCA,17,-0.59,-0.88,-0.5
778,NBIX,11,-1.68,-1.81,-1.64
779,POOL,8,3.45,3.44,3.46
780,CW,7,4.11,4.06,4.15
781,GPK,13,0.74,0.73,0.75
782,CPN,8,0.3,0.19,0.4
783,NEU,2,21.07,20.8,21.34
784,ZBRA,8,5.45,5.36,5.56
785,HUN,13,1.55,1.45,1.75
786,ANET,27,3.09,3,3.37
787,THS,15,2.82,2.75,2.86
788,TECH,4,3.63,3.48,3.7
789,UMPQ,7,1.03,1.02,1.07
790,MENT,5,1.69,1.68,1.71
791,HTA,8,0.29,0.24,0.33
792,EXEL,7,-0.46,-0.5,-0.43
793,CBRL,8,8.3,8.22,8.49
794,TDY,2,5.24,5.23,5.24
795,SAVE,13,4.03,3.98,4.1
796,AWH,9,2.81,2.6,3
797,NRZ,9,2.03,1.97,2.09
798,AGCO,18,2.34,2.3,2.42
799,WSO,13,5.17,5.09,5.2
800,IDA,3,3.89,3.88,3.9
801,SBH,16,1.83,1.76,1.88
802,RICE,19,0.09,-0.05,0.48
803,VSAT,7,1.23,0.95,1.45
804,STOR,2,0.78,0.75,0.81
805,LSI,3,2.23,1.9,2.53
806,MANH,5,1.84,1.84,1.85
807,WWD,5,3.55,3.06,5.2
808,PTEN,15,-2.3,-2.35,-2.22
809,AMSG,NA,NA,NA,NA
810,ATHN,24,1.8,1.74,1.9
811,WGL,8,3.37,3.24,3.43
812,THG,3,6.22,6.15,6.3
813,POR,13,2.12,2.05,2.18
814,BKU,14,2.04,1.97,2.08
815,GPT,NA,NA,NA,NA
816,Z,5,-0.51,-0.53,-0.47
817,FNSR,12,2.15,2.09,2.2
818,LYV,8,-0.23,-0.38,-0.06
819,EQC,1,0.19,0.19,0.19
820,CR,11,4.19,4.15,4.2
821,CSAL,9,0.01,-0.05,0.03
822,BWXT,6,1.66,1.63,1.67
823,CST,NA,NA,NA,NA
824,RPAI,1,0.16,0.16,0.16
825,ITT,14,2.26,2.2,2.32
826,MPW,4,0.95,0.92,0.99
827,MMS,11,3.02,2.95,3.17
828,BIO,1,2.77,2.77,2.77
829,NRG,5,0.99,0.82,1.25
830,BOH,8,4.23,4.19,4.26
831,TCBI,16,3.02,2.89,3.11
832,HLS,9,2.55,2.53,2.59
833,RLGY,8,1.26,1.2,1.33
834,EEFT,9,4,3.97,4.02
835,PVTB,10,2.52,2.47,2.61
836,FICO,5,3.38,3.34,3.42
837,AL,9,3.42,3.33,3.49
838,TDC,18,2.48,2.45,2.55
839,SXT,5,3.21,3.17,3.24
840,SNX,7,6.57,6.55,6.64
841,PPS,NA,NA,NA,NA
842,OUT,8,0.66,0.63,0.73
843,OPK,5,-0.07,-0.12,-0.04
844,CBI,17,4.82,4.54,4.93
845,CHFC,4,2.79,2.77,2.8
846,ALR,3,1.93,1.86,2.04
847,ASB,12,1.24,1.21,1.26
848,CRUS,10,4.1,3.88,4.23
849,JBL,12,2.04,1.88,2.2
850,CLC,7,2.6,2.58,2.61
851,LSTR,20,3.17,3.05,3.2
852,OAS,34,-0.58,-0.91,-0.53
853,HLF,2,4.85,4.8,4.9
854,NA,3,0.72,0.72,0.73
855,HR,7,0.44,0.42,0.47
856,WTFC,10,3.63,3.59,3.67
857,IBKC,10,4.42,4.36,4.55
858,JACK,16,4.73,4.64,4.98
859,MSG,8,-0.49,-0.73,-0.26
860,CONE,14,0.27,0.24,0.34
861,SM,21,-1.98,-2.29,-1.24
862,DST,4,5.61,5.48,5.7
863,WLL,30,-2.2,-2.83,-1.33
864,CRL,21,4.47,4.45,4.49
865,JCOM,6,4.92,4.82,4.98
866,UBSI,3,1.99,1.97,2
867,SWX,5,3.16,3.13,3.2
868,HE,7,1.73,1.68,1.76
869,CY,13,0.48,0.44,0.48
870,CLGX,11,2.36,2.3,2.41
871,IPGP,12,4.71,4.63,4.74
872,SKT,4,1.93,1.6,2.04
873,AMCX,5,5.67,5.6,5.72
874,CNX,12,-0.46,-0.74,-0.25
875,DLX,4,4.96,4.95,4.98
876,PRI,4,4.53,4.51,4.55
877,LFUS,6,6.22,6.2,6.23
878,PDCO,13,2.31,2.28,2.33
879,RBC,10,4.44,4.43,4.45
880,NUVA,17,1.64,1.62,1.65
881,RYN,5,0.55,0.53,0.57
882,KEX,7,2.6,2.57,2.63
883,CFX,16,1.54,1.5,1.6
884,G,14,1.43,1.42,1.44
885,HBHC,7,1.84,1.82,1.87
886,GPOR,29,0.73,0.63,0.94
887,FNB,6,0.79,0.78,0.8
888,ENDP,23,4.6,4.5,4.75
889,VMI,7,6.26,6.21,6.31
890,UMBF,6,3.19,3.15,3.22
891,ALNY,12,-4.8,-5.01,-4.64
892,AN,14,4.03,3.92,4.26
893,EPAM,15,2.87,2.03,3.02
894,HZNP,10,2.01,1.95,2.05
895,COHR,6,7.97,6.56,9.42
896,LHO,7,2.07,2.04,2.1
897,TEN,14,5.91,5.75,6.05
898,LVNTA,2,4.24,4.14,4.34
899,LSXMA,4,1.15,0.89,1.3
900,ROL,4,0.76,0.75,0.77
901,GRUB,19,0.91,0.87,0.98
902,SHO,7,0.46,0.4,0.48
903,TEX,17,0.76,0.69,0.85
904,CACI,12,6.29,6.18,6.4
905,SAIC,7,3.36,3.3,3.4
906,TPX,9,3.93,3.87,3.96
907,HRC,6,3.78,3.76,3.8
908,CAVM,18,1.53,1.49,1.72
909,SF,6,2.58,2.32,2.67
910,USG,16,1.69,1.49,1.74
911,OGS,9,2.63,2.57,2.69
912,CNO,9,1.37,1.32,1.4
913,INT,5,2.5,2.45,2.54
914,CAR,8,2.96,2.93,3
915,RDN,11,1.55,1.53,1.57
916,PRXL,17,3.74,3.52,3.91
917,BDC,6,5.24,5.2,5.26
918,ENS,4,4.64,4.5,4.71
919,WTM,2,-8.9,-12.3,-5.5
920,FR,3,0.97,0.94,0.98
921,MTG,7,0.86,0.78,0.91
922,HOMB,9,1.24,1.23,1.26
923,BWLD,28,5.57,5.4,5.75
924,MKSI,6,2.93,2.65,2.99
925,ESRT,NA,NA,NA,NA
926,PFPT,26,0.32,0.26,0.37
927,BKH,6,3.02,2.85,3.12
928,DFT,8,1.64,1.38,1.69
929,FULT,10,0.93,0.92,0.94
930,AHL,5,3.53,3.25,3.82
931,APLE,1,0.74,0.74,0.74
932,ALE,6,3.13,3.1,3.2
933,BFAM,9,2.16,2.15,2.18
934,SKX,9,1.64,1.59,1.7
935,MBFI,7,2.19,2.15,2.23
936,CIM,6,2.39,2.38,2.43
937,MDSO,10,1.02,0.97,1.04
938,TWO,12,0.91,0.88,0.93
939,ISIL,8,0.74,0.73,0.76
940,MPWR,8,2.28,2.26,2.29
941,TECD,9,6.07,6.02,6.11
942,IDTI,13,1.4,1.38,1.42
943,CTLT,12,1.39,1.34,1.46
944,BLKB,9,1.9,1.88,1.93
945,CAB,13,2.87,2.65,3.2
946,PRA,7,2.25,2.2,2.35
947,OI,16,2.3,2.26,2.33
948,LM,NA,NA,NA,NA
949,TXRH,14,1.77,1.73,1.8
950,NJR,8,1.7,1.68,1.72
951,EDR,4,0.69,0.67,0.7
952,CIEN,21,1.71,1.59,1.85
953,EAT,20,3.42,3.16,3.5
954,WAFD,5,1.83,1.77,1.87
955,LPLA,11,2.04,2,2.11
956,WNR,14,1.42,1.21,1.58
957,ESV,25,1.55,1.39,2.2
958,MFA,8,0.79,0.69,0.84
959,FLO,10,0.91,0.9,0.91
960,WCC,19,3.79,3.75,3.87
961,LNCE,10,1.28,1.25,1.3
962,CBT,6,3.43,3.3,3.5
963,PDM,2,0.61,0.61,0.61
964,SPB,12,5.82,5.64,5.95
965,BGS,10,2.17,2.14,2.19
966,TMH,4,2.6,2.56,2.67
967,PNFP,7,2.96,2.91,3.05
968,ACHC,17,2.41,2.38,2.45
969,STL,NA,NA,NA,NA
970,MTX,4,4.44,4.44,4.45
971,SFM,20,0.84,0.82,0.86
972,STRZA,NA,NA,NA,NA
973,SR,7,3.54,3.52,3.57
974,EQY,4,0.53,0.5,0.55
975,RARE,17,-6.14,-6.34,-5.56
976,ENR,11,2.66,2.54,2.72
977,NUS,4,2.9,2.89,2.91
978,BECN,15,2.33,2.18,2.54
979,CPE,21,0.28,0.21,0.41
980,POL,11,2.12,2.1,2.13
981,AKS,16,0.32,0.17,0.6
982,JCP,17,0.06,-0.04,0.15
983,TRCO,3,2.03,2,2.06
984,TKR,9,1.93,1.7,1.97
985,JOY,15,0.43,0.27,0.7
986,LPX,1,1.02,1.02,1.02
987,KMT,14,1.31,1.15,1.47
988,MASI,7,2.14,2.13,2.16
989,FCNCA,NA,NA,NA,NA
990,VLY,7,0.63,0.61,0.64
991,NRF,3,2.06,1.96,2.19
992,CLH,6,0.14,0.08,0.23
993,NTCT,9,1.89,1.81,1.97
994,TRU,12,1.42,1.41,1.44
995,ERIE,2,3.95,3.9,4
996,CMN,NA,NA,NA,NA
997,IDCC,3,8.71,8.65,8.78
998,OFC,1,-0.06,-0.06,-0.06
999,NWE,2,3.21,3.16,3.25
1000,AEO,21,1.25,1.24,1.28
